Country,Year,Total Disasters,Drought,Extreme temperature,Flood,Landslide,Storm,Wildfire
"Afghanistan, Islamic Rep. of",2002-01-01,5,0,0,4,1,0,0
"Afghanistan, Islamic Rep. of",2003-01-01,8,0,0,8,0,0,0
"Afghanistan, Islamic Rep. of",2004-01-01,2,0,0,2,0,0,0
"Afghanistan, Islamic Rep. of",2005-01-01,10,0,1,8,0,1,0
"Afghanistan, Islamic Rep. of",2006-01-01,12,1,0,7,2,2,0
"Afghanistan, Islamic Rep. of",2007-01-01,7,0,0,7,0,0,0
"Afghanistan, Islamic Rep. of",2008-01-01,3,1,1,1,0,0,0
"Afghanistan, Islamic Rep. of",2009-01-01,4,0,0,3,1,0,0
"Afghanistan, Islamic Rep. of",2010-01-01,4,0,0,2,2,0,0
"Afghanistan, Islamic Rep. of",2011-01-01,4,1,0,2,0,1,0
"Afghanistan, Islamic Rep. of",2012-01-01,10,0,1,6,3,0,0
"Afghanistan, Islamic Rep. of",2013-01-01,5,0,0,4,1,0,0
"Afghanistan, Islamic Rep. of",2014-01-01,3,0,0,2,0,1,0
"Afghanistan, Islamic Rep. of",2015-01-01,5,0,0,1,4,0,0
"Afghanistan, Islamic Rep. of",2016-01-01,4,0,0,4,0,0,0
"Afghanistan, Islamic Rep. of",2017-01-01,5,0,0,1,2,2,0
"Afghanistan, Islamic Rep. of",2018-01-01,5,1,0,3,1,0,0
"Afghanistan, Islamic Rep. of",2019-01-01,7,0,0,6,1,0,0
"Afghanistan, Islamic Rep. of",2020-01-01,7,0,0,5,1,1,0
"Afghanistan, Islamic Rep. of",2021-01-01,4,1,0,2,1,0,0
"Afghanistan, Islamic Rep. of",2022-01-01,6,0,0,5,1,0,0
Algeria,2002-01-01,3,0,0,3,0,0,0
Algeria,2003-01-01,5,0,1,3,0,1,0
Algeria,2004-01-01,2,0,0,2,0,0,0
Algeria,2005-01-01,3,0,0,2,0,1,0
Algeria,2006-01-01,1,0,0,1,0,0,0
Algeria,2007-01-01,7,0,0,6,0,0,1
Algeria,2008-01-01,1,0,0,1,0,0,0
Algeria,2009-01-01,2,0,0,2,0,0,0
Algeria,2010-01-01,0,0,0,0,0,0,0
Algeria,2011-01-01,1,0,0,1,0,0,0
Algeria,2012-01-01,2,0,0,2,0,0,0
Algeria,2013-01-01,0,0,0,0,0,0,0
Algeria,2014-01-01,0,0,0,0,0,0,0
Algeria,2015-01-01,2,0,0,2,0,0,0
Algeria,2016-01-01,0,0,0,0,0,0,0
Algeria,2017-01-01,1,0,1,0,0,0,0
Algeria,2018-01-01,1,0,0,1,0,0,0
Algeria,2019-01-01,1,0,1,0,0,0,0
Algeria,2020-01-01,0,0,0,0,0,0,0
Algeria,2021-01-01,3,0,0,2,0,0,1
Algeria,2022-01-01,1,0,0,0,0,0,1
Angola,2002-01-01,1,0,0,1,0,0,0
Angola,2003-01-01,2,0,0,2,0,0,0
Angola,2004-01-01,4,1,0,3,0,0,0
Angola,2005-01-01,1,0,0,1,0,0,0
Angola,2006-01-01,1,0,0,1,0,0,0
Angola,2007-01-01,2,0,0,2,0,0,0
Angola,2008-01-01,1,0,0,1,0,0,0
Angola,2009-01-01,3,0,0,3,0,0,0
Angola,2010-01-01,3,0,0,3,0,0,0
Angola,2011-01-01,4,0,0,4,0,0,0
Angola,2012-01-01,1,1,0,0,0,0,0
Angola,2013-01-01,1,0,0,1,0,0,0
Angola,2014-01-01,0,0,0,0,0,0,0
Angola,2015-01-01,3,0,0,3,0,0,0
Angola,2016-01-01,4,0,0,4,0,0,0
Angola,2017-01-01,2,1,0,1,0,0,0
Angola,2018-01-01,1,0,0,1,0,0,0
Angola,2019-01-01,3,0,0,3,0,0,0
Angola,2020-01-01,3,1,0,2,0,0,0
Angola,2021-01-01,2,0,0,2,0,0,0
Angola,2022-01-01,0,0,0,0,0,0,0
Argentina,2002-01-01,3,0,1,1,0,1,0
Argentina,2003-01-01,4,1,0,2,0,1,0
Argentina,2004-01-01,3,0,1,2,0,0,0
Argentina,2005-01-01,1,0,0,0,0,1,0
Argentina,2006-01-01,1,0,0,1,0,0,0
Argentina,2007-01-01,3,0,1,2,0,0,0
Argentina,2008-01-01,1,0,0,1,0,0,0
Argentina,2009-01-01,5,1,0,2,1,1,0
Argentina,2010-01-01,1,0,1,0,0,0,0
Argentina,2011-01-01,0,0,0,0,0,0,0
Argentina,2012-01-01,3,0,0,1,0,2,0
Argentina,2013-01-01,2,0,0,1,0,1,0
Argentina,2014-01-01,4,0,0,3,1,0,0
Argentina,2015-01-01,4,0,0,3,0,1,0
Argentina,2016-01-01,2,0,0,2,0,0,0
Argentina,2017-01-01,4,0,0,3,1,0,0
Argentina,2018-01-01,5,1,0,3,0,1,0
Argentina,2019-01-01,4,1,0,3,0,0,0
Argentina,2020-01-01,2,0,0,1,0,1,0
Argentina,2021-01-01,2,0,0,1,0,0,1
Argentina,2022-01-01,1,0,0,0,0,0,1
Australia,2002-01-01,5,1,0,0,0,3,1
Australia,2003-01-01,10,0,0,4,0,5,1
Australia,2004-01-01,6,0,0,3,0,3,0
Australia,2005-01-01,4,0,0,1,0,2,1
Australia,2006-01-01,8,1,0,1,0,3,3
Australia,2007-01-01,2,0,0,1,0,1,0
Australia,2008-01-01,5,0,0,4,0,1,0
Australia,2009-01-01,6,0,1,2,0,2,1
Australia,2010-01-01,8,0,0,5,0,3,0
Australia,2011-01-01,3,0,0,1,0,1,1
Australia,2012-01-01,2,0,0,2,0,0,0
Australia,2013-01-01,3,0,0,0,0,1,2
Australia,2014-01-01,4,0,1,0,0,1,2
Australia,2015-01-01,8,0,0,1,0,4,3
Australia,2016-01-01,3,0,0,1,0,1,1
Australia,2017-01-01,3,0,0,0,0,2,1
Australia,2018-01-01,3,1,1,1,0,0,0
Australia,2019-01-01,3,0,0,1,0,0,2
Australia,2020-01-01,3,0,0,1,0,2,0
Australia,2021-01-01,7,0,0,4,0,2,1
Australia,2022-01-01,5,0,0,5,0,0,0
Bolivia,2002-01-01,3,0,0,1,0,1,1
Bolivia,2003-01-01,4,0,0,3,1,0,0
Bolivia,2004-01-01,1,1,0,0,0,0,0
Bolivia,2005-01-01,1,0,0,0,0,0,1
Bolivia,2006-01-01,2,0,0,2,0,0,0
Bolivia,2007-01-01,3,0,1,2,0,0,0
Bolivia,2008-01-01,2,1,0,0,0,1,0
Bolivia,2009-01-01,1,0,0,1,0,0,0
Bolivia,2010-01-01,4,1,1,1,0,0,1
Bolivia,2011-01-01,2,0,0,1,1,0,0
Bolivia,2012-01-01,1,0,0,1,0,0,0
Bolivia,2013-01-01,5,1,1,2,1,0,0
Bolivia,2014-01-01,4,1,0,2,1,0,0
Bolivia,2015-01-01,1,0,0,1,0,0,0
Bolivia,2016-01-01,3,1,0,2,0,0,0
Bolivia,2017-01-01,0,0,0,0,0,0,0
Bolivia,2018-01-01,1,0,0,1,0,0,0
Bolivia,2019-01-01,4,0,0,2,1,0,1
Bolivia,2020-01-01,3,0,0,2,0,0,1
Bolivia,2021-01-01,7,0,0,7,0,0,0
Bolivia,2022-01-01,1,0,0,1,0,0,0
Botswana,2002-01-01,0,0,0,0,0,0,0
Botswana,2003-01-01,0,0,0,0,0,0,0
Botswana,2004-01-01,1,0,0,1,0,0,0
Botswana,2005-01-01,0,0,0,0,0,0,0
Botswana,2006-01-01,0,0,0,0,0,0,0
Botswana,2007-01-01,0,0,0,0,0,0,0
Botswana,2008-01-01,0,0,0,0,0,0,0
Botswana,2009-01-01,3,0,0,2,0,1,0
Botswana,2010-01-01,0,0,0,0,0,0,0
Botswana,2011-01-01,1,0,0,1,0,0,0
Botswana,2012-01-01,0,0,0,0,0,0,0
Botswana,2013-01-01,1,0,0,1,0,0,0
Botswana,2014-01-01,0,0,0,0,0,0,0
Botswana,2015-01-01,1,1,0,0,0,0,0
Botswana,2016-01-01,0,0,0,0,0,0,0
Botswana,2017-01-01,1,0,0,1,0,0,0
Botswana,2018-01-01,1,0,0,1,0,0,0
Botswana,2019-01-01,1,1,0,0,0,0,0
Botswana,2020-01-01,0,0,0,0,0,0,0
Botswana,2021-01-01,0,0,0,0,0,0,0
Botswana,2022-01-01,0,0,0,0,0,0,0
Brazil,2002-01-01,5,1,0,2,2,0,0
Brazil,2003-01-01,5,0,0,5,0,0,0
Brazil,2004-01-01,5,1,1,2,0,1,0
Brazil,2005-01-01,4,1,0,2,0,1,0
Brazil,2006-01-01,2,0,0,2,0,0,0
Brazil,2007-01-01,5,1,0,3,1,0,0
Brazil,2008-01-01,5,0,0,4,0,1,0
Brazil,2009-01-01,9,0,0,7,1,1,0
Brazil,2010-01-01,5,1,1,3,0,0,0
Brazil,2011-01-01,8,0,0,8,0,0,0
Brazil,2012-01-01,3,1,0,2,0,0,0
Brazil,2013-01-01,6,0,0,5,0,1,0
Brazil,2014-01-01,5,1,0,4,0,0,0
Brazil,2015-01-01,6,0,0,4,1,1,0
Brazil,2016-01-01,2,0,0,2,0,0,0
Brazil,2017-01-01,1,0,0,1,0,0,0
Brazil,2018-01-01,3,0,0,2,1,0,0
Brazil,2019-01-01,8,0,0,7,0,0,1
Brazil,2020-01-01,7,1,0,5,0,1,0
Brazil,2021-01-01,9,1,0,8,0,0,0
Brazil,2022-01-01,12,1,0,11,0,0,0
Canada,2002-01-01,2,0,0,1,0,0,1
Canada,2003-01-01,7,0,0,4,0,2,1
Canada,2004-01-01,4,0,0,2,0,2,0
Canada,2005-01-01,5,0,0,2,0,1,2
Canada,2006-01-01,5,0,0,5,0,0,0
Canada,2007-01-01,3,0,0,1,0,2,0
Canada,2008-01-01,2,0,0,2,0,0,0
Canada,2009-01-01,3,0,0,1,0,2,0
Canada,2010-01-01,1,0,0,0,0,1,0
Canada,2011-01-01,4,0,0,1,0,2,1
Canada,2012-01-01,3,0,0,1,0,2,0
Canada,2013-01-01,3,0,1,1,0,1,0
Canada,2014-01-01,2,0,1,1,0,0,0
Canada,2015-01-01,1,0,0,0,0,0,1
Canada,2016-01-01,2,0,0,1,0,0,1
Canada,2017-01-01,3,0,0,2,0,0,1
Canada,2018-01-01,4,0,1,1,0,1,1
Canada,2019-01-01,2,0,0,1,0,1,0
Canada,2020-01-01,2,0,0,1,0,1,0
Canada,2021-01-01,4,0,1,1,0,1,1
Canada,2022-01-01,6,0,0,2,0,4,0
Central African Rep.,2002-01-01,1,0,0,0,0,0,1
Central African Rep.,2003-01-01,1,0,0,1,0,0,0
Central African Rep.,2004-01-01,1,0,0,1,0,0,0
Central African Rep.,2005-01-01,1,0,0,1,0,0,0
Central African Rep.,2006-01-01,0,0,0,0,0,0,0
Central African Rep.,2007-01-01,1,0,0,1,0,0,0
Central African Rep.,2008-01-01,1,0,0,1,0,0,0
Central African Rep.,2009-01-01,3,0,0,1,0,2,0
Central African Rep.,2010-01-01,1,0,0,1,0,0,0
Central African Rep.,2011-01-01,2,0,0,1,0,1,0
Central African Rep.,2012-01-01,2,0,0,0,0,2,0
Central African Rep.,2013-01-01,2,0,0,1,0,1,0
Central African Rep.,2014-01-01,0,0,0,0,0,0,0
Central African Rep.,2015-01-01,1,0,0,0,0,1,0
Central African Rep.,2016-01-01,0,0,0,0,0,0,0
Central African Rep.,2017-01-01,2,0,0,1,0,1,0
Central African Rep.,2018-01-01,0,0,0,0,0,0,0
Central African Rep.,2019-01-01,1,0,0,1,0,0,0
Central African Rep.,2020-01-01,0,0,0,0,0,0,0
Central African Rep.,2021-01-01,1,0,0,1,0,0,0
Central African Rep.,2022-01-01,3,1,0,1,0,0,1
Chad,2002-01-01,0,0,0,0,0,0,0
Chad,2003-01-01,0,0,0,0,0,0,0
Chad,2004-01-01,0,0,0,0,0,0,0
Chad,2005-01-01,0,0,0,0,0,0,0
Chad,2006-01-01,1,0,0,1,0,0,0
Chad,2007-01-01,3,0,0,2,0,1,0
Chad,2008-01-01,2,0,0,2,0,0,0
Chad,2009-01-01,3,1,0,2,0,0,0
Chad,2010-01-01,1,0,0,1,0,0,0
Chad,2011-01-01,0,0,0,0,0,0,0
Chad,2012-01-01,3,1,0,2,0,0,0
Chad,2013-01-01,0,0,0,0,0,0,0
Chad,2014-01-01,0,0,0,0,0,0,0
Chad,2015-01-01,0,0,0,0,0,0,0
Chad,2016-01-01,0,0,0,0,0,0,0
Chad,2017-01-01,1,1,0,0,0,0,0
Chad,2018-01-01,0,0,0,0,0,0,0
Chad,2019-01-01,2,0,0,1,1,0,0
Chad,2020-01-01,2,0,0,2,0,0,0
Chad,2021-01-01,1,0,0,1,0,0,0
Chad,2022-01-01,2,1,0,1,0,0,0
Chile,2002-01-01,5,0,1,3,0,0,1
Chile,2003-01-01,1,0,0,0,0,0,1
Chile,2004-01-01,2,0,1,1,0,0,0
Chile,2005-01-01,3,0,0,2,0,1,0
Chile,2006-01-01,1,0,0,1,0,0,0
Chile,2007-01-01,1,0,1,0,0,0,0
Chile,2008-01-01,2,0,0,2,0,0,0
Chile,2009-01-01,0,0,0,0,0,0,0
Chile,2010-01-01,1,0,1,0,0,0,0
Chile,2011-01-01,3,0,1,0,0,0,2
Chile,2012-01-01,2,0,0,1,0,0,1
Chile,2013-01-01,1,0,1,0,0,0,0
Chile,2014-01-01,2,0,0,1,0,0,1
Chile,2015-01-01,4,0,0,2,0,1,1
Chile,2016-01-01,1,0,0,1,0,0,0
Chile,2017-01-01,5,0,0,3,1,0,1
Chile,2018-01-01,0,0,0,0,0,0,0
Chile,2019-01-01,2,0,0,1,0,0,1
Chile,2020-01-01,0,0,0,0,0,0,0
Chile,2021-01-01,2,0,0,1,0,1,0
Chile,2022-01-01,2,0,0,0,0,0,2
"China, P.R.: Mainland",2002-01-01,24,3,1,10,4,6,0
"China, P.R.: Mainland",2003-01-01,16,2,0,6,2,5,1
"China, P.R.: Mainland",2004-01-01,18,0,1,9,1,7,0
"China, P.R.: Mainland",2005-01-01,28,2,1,11,0,14,0
"China, P.R.: Mainland",2006-01-01,30,1,0,20,1,8,0
"China, P.R.: Mainland",2007-01-01,18,0,0,11,1,6,0
"China, P.R.: Mainland",2008-01-01,23,1,2,7,4,9,0
"China, P.R.: Mainland",2009-01-01,24,2,0,7,5,10,0
"China, P.R.: Mainland",2010-01-01,21,1,0,5,8,6,1
"China, P.R.: Mainland",2011-01-01,13,0,1,5,2,5,0
"China, P.R.: Mainland",2012-01-01,22,0,1,12,1,8,0
"China, P.R.: Mainland",2013-01-01,34,1,1,14,3,15,0
"China, P.R.: Mainland",2014-01-01,33,2,0,13,2,16,0
"China, P.R.: Mainland",2015-01-01,31,1,0,12,1,17,0
"China, P.R.: Mainland",2016-01-01,30,1,1,12,3,13,0
"China, P.R.: Mainland",2017-01-01,26,1,0,12,4,9,0
"China, P.R.: Mainland",2018-01-01,20,0,0,8,0,12,0
"China, P.R.: Mainland",2019-01-01,13,0,0,6,2,4,1
"China, P.R.: Mainland",2020-01-01,11,0,0,5,1,4,1
"China, P.R.: Mainland",2021-01-01,12,1,0,4,0,7,0
"China, P.R.: Mainland",2022-01-01,7,1,0,4,1,1,0
Colombia,2002-01-01,5,0,0,4,1,0,0
Colombia,2003-01-01,4,0,0,3,1,0,0
Colombia,2004-01-01,2,0,0,2,0,0,0
Colombia,2005-01-01,4,0,0,3,0,1,0
Colombia,2006-01-01,1,0,0,1,0,0,0
Colombia,2007-01-01,4,0,0,4,0,0,0
Colombia,2008-01-01,3,0,0,2,1,0,0
Colombia,2009-01-01,3,0,0,1,2,0,0
Colombia,2010-01-01,6,0,0,3,2,0,1
Colombia,2011-01-01,3,0,0,2,1,0,0
Colombia,2012-01-01,3,0,0,3,0,0,0
Colombia,2013-01-01,1,0,0,1,0,0,0
Colombia,2014-01-01,5,0,0,4,0,1,0
Colombia,2015-01-01,4,1,0,1,1,0,1
Colombia,2016-01-01,2,0,0,2,0,0,0
Colombia,2017-01-01,7,0,0,4,2,1,0
Colombia,2018-01-01,2,0,0,2,0,0,0
Colombia,2019-01-01,6,0,0,5,1,0,0
Colombia,2020-01-01,6,0,0,3,1,2,0
Colombia,2021-01-01,11,0,0,10,1,0,0
Colombia,2022-01-01,14,0,0,9,4,1,0
"Congo, Dem. Rep. of the",2002-01-01,1,0,0,1,0,0,0
"Congo, Dem. Rep. of the",2003-01-01,4,0,0,2,0,2,0
"Congo, Dem. Rep. of the",2004-01-01,0,0,0,0,0,0,0
"Congo, Dem. Rep. of the",2005-01-01,1,0,0,0,0,1,0
"Congo, Dem. Rep. of the",2006-01-01,4,0,0,3,0,1,0
"Congo, Dem. Rep. of the",2007-01-01,1,0,0,1,0,0,0
"Congo, Dem. Rep. of the",2008-01-01,2,0,0,1,0,1,0
"Congo, Dem. Rep. of the",2009-01-01,2,0,0,1,0,0,1
"Congo, Dem. Rep. of the",2010-01-01,4,0,0,2,1,0,1
"Congo, Dem. Rep. of the",2011-01-01,2,0,0,2,0,0,0
"Congo, Dem. Rep. of the",2012-01-01,1,0,0,1,0,0,0
"Congo, Dem. Rep. of the",2013-01-01,0,0,0,0,0,0,0
"Congo, Dem. Rep. of the",2014-01-01,2,0,0,1,1,0,0
"Congo, Dem. Rep. of the",2015-01-01,4,0,0,3,0,0,1
"Congo, Dem. Rep. of the",2016-01-01,2,0,0,2,0,0,0
"Congo, Dem. Rep. of the",2017-01-01,2,0,0,1,1,0,0
"Congo, Dem. Rep. of the",2018-01-01,1,0,0,1,0,0,0
"Congo, Dem. Rep. of the",2019-01-01,3,0,0,1,2,0,0
"Congo, Dem. Rep. of the",2020-01-01,6,0,0,6,0,0,0
"Congo, Dem. Rep. of the",2021-01-01,0,0,0,0,0,0,0
"Congo, Dem. Rep. of the",2022-01-01,5,1,0,4,0,0,0
"Egypt, Arab Rep. of",2002-01-01,2,0,0,2,0,0,0
"Egypt, Arab Rep. of",2003-01-01,0,0,0,0,0,0,0
"Egypt, Arab Rep. of",2004-01-01,1,0,0,0,0,1,0
"Egypt, Arab Rep. of",2005-01-01,0,0,0,0,0,0,0
"Egypt, Arab Rep. of",2006-01-01,0,0,0,0,0,0,0
"Egypt, Arab Rep. of",2007-01-01,0,0,0,0,0,0,0
"Egypt, Arab Rep. of",2008-01-01,0,0,0,0,0,0,0
"Egypt, Arab Rep. of",2009-01-01,0,0,0,0,0,0,0
"Egypt, Arab Rep. of",2010-01-01,3,0,0,2,0,1,0
"Egypt, Arab Rep. of",2011-01-01,0,0,0,0,0,0,0
"Egypt, Arab Rep. of",2012-01-01,0,0,0,0,0,0,0
"Egypt, Arab Rep. of",2013-01-01,0,0,0,0,0,0,0
"Egypt, Arab Rep. of",2014-01-01,0,0,0,0,0,0,0
"Egypt, Arab Rep. of",2015-01-01,3,0,1,0,0,2,0
"Egypt, Arab Rep. of",2016-01-01,1,0,0,0,0,1,0
"Egypt, Arab Rep. of",2017-01-01,0,0,0,0,0,0,0
"Egypt, Arab Rep. of",2018-01-01,0,0,0,0,0,0,0
"Egypt, Arab Rep. of",2019-01-01,0,0,0,0,0,0,0
"Egypt, Arab Rep. of",2020-01-01,1,0,0,1,0,0,0
"Egypt, Arab Rep. of",2021-01-01,1,0,0,1,0,0,0
"Egypt, Arab Rep. of",2022-01-01,0,0,0,0,0,0,0
"Ethiopia, The Federal Dem. Rep. of",2002-01-01,1,0,0,1,0,0,0
"Ethiopia, The Federal Dem. Rep. of",2003-01-01,2,1,0,1,0,0,0
"Ethiopia, The Federal Dem. Rep. of",2004-01-01,0,0,0,0,0,0,0
"Ethiopia, The Federal Dem. Rep. of",2005-01-01,5,1,0,4,0,0,0
"Ethiopia, The Federal Dem. Rep. of",2006-01-01,7,0,0,7,0,0,0
"Ethiopia, The Federal Dem. Rep. of",2007-01-01,2,0,0,2,0,0,0
"Ethiopia, The Federal Dem. Rep. of",2008-01-01,4,1,0,3,0,0,0
"Ethiopia, The Federal Dem. Rep. of",2009-01-01,1,1,0,0,0,0,0
"Ethiopia, The Federal Dem. Rep. of",2010-01-01,3,1,0,2,0,0,0
"Ethiopia, The Federal Dem. Rep. of",2011-01-01,2,1,0,1,0,0,0
"Ethiopia, The Federal Dem. Rep. of",2012-01-01,0,0,0,0,0,0,0
"Ethiopia, The Federal Dem. Rep. of",2013-01-01,1,0,0,1,0,0,0
"Ethiopia, The Federal Dem. Rep. of",2014-01-01,0,0,0,0,0,0,0
"Ethiopia, The Federal Dem. Rep. of",2015-01-01,2,1,0,1,0,0,0
"Ethiopia, The Federal Dem. Rep. of",2016-01-01,2,0,0,2,0,0,0
"Ethiopia, The Federal Dem. Rep. of",2017-01-01,0,0,0,0,0,0,0
"Ethiopia, The Federal Dem. Rep. of",2018-01-01,2,0,0,0,2,0,0
"Ethiopia, The Federal Dem. Rep. of",2019-01-01,2,0,0,1,1,0,0
"Ethiopia, The Federal Dem. Rep. of",2020-01-01,4,0,0,2,2,0,0
"Ethiopia, The Federal Dem. Rep. of",2021-01-01,2,1,0,1,0,0,0
"Ethiopia, The Federal Dem. Rep. of",2022-01-01,2,1,0,1,0,0,0
France,2002-01-01,5,0,0,3,0,2,0
France,2003-01-01,6,0,1,2,0,2,1
France,2004-01-01,1,0,0,0,0,1,0
France,2005-01-01,5,0,2,2,0,0,1
France,2006-01-01,3,0,1,0,0,2,0
France,2007-01-01,3,0,0,0,0,3,0
France,2008-01-01,4,0,1,0,0,3,0
France,2009-01-01,4,0,2,0,0,1,1
France,2010-01-01,4,0,1,1,0,2,0
France,2011-01-01,2,0,0,1,0,1,0
France,2012-01-01,1,0,1,0,0,0,0
France,2013-01-01,3,0,0,1,0,2,0
France,2014-01-01,7,0,0,3,0,4,0
France,2015-01-01,3,0,1,1,0,1,0
France,2016-01-01,1,0,0,1,0,0,0
France,2017-01-01,3,0,0,1,0,1,1
France,2018-01-01,7,0,2,2,0,3,0
France,2019-01-01,9,0,2,2,0,5,0
France,2020-01-01,7,0,1,3,0,3,0
France,2021-01-01,9,0,1,6,0,2,0
France,2022-01-01,6,1,1,0,0,4,0
India,2002-01-01,13,1,2,6,0,4,0
India,2003-01-01,16,0,2,6,1,7,0
India,2004-01-01,6,0,0,6,0,0,0
India,2005-01-01,25,0,2,17,2,4,0
India,2006-01-01,20,0,1,17,0,2,0
India,2007-01-01,20,0,3,16,0,1,0
India,2008-01-01,11,0,1,8,1,1,0
India,2009-01-01,17,1,2,6,2,6,0
India,2010-01-01,17,0,1,8,1,7,0
India,2011-01-01,12,0,2,7,0,3,0
India,2012-01-01,9,0,2,6,0,1,0
India,2013-01-01,11,0,1,5,0,5,0
India,2014-01-01,16,0,3,7,1,5,0
India,2015-01-01,19,1,1,10,1,6,0
India,2016-01-01,15,0,1,8,2,3,1
India,2017-01-01,18,0,1,9,3,5,0
India,2018-01-01,23,1,1,9,0,11,1
India,2019-01-01,12,0,2,5,0,5,0
India,2020-01-01,11,0,0,5,2,4,0
India,2021-01-01,16,0,0,9,2,5,0
India,2022-01-01,7,0,1,3,1,2,0
Indonesia,2002-01-01,9,0,0,7,1,0,1
Indonesia,2003-01-01,13,1,0,8,4,0,0
Indonesia,2004-01-01,7,0,0,1,4,2,0
Indonesia,2005-01-01,6,0,0,3,2,0,1
Indonesia,2006-01-01,12,0,0,8,3,0,1
Indonesia,2007-01-01,10,0,0,8,2,0,0
Indonesia,2008-01-01,13,0,0,12,1,0,0
Indonesia,2009-01-01,7,0,0,5,2,0,0
Indonesia,2010-01-01,8,0,0,7,1,0,0
Indonesia,2011-01-01,8,0,0,6,2,0,0
Indonesia,2012-01-01,11,0,0,7,2,2,0
Indonesia,2013-01-01,12,0,0,10,2,0,0
Indonesia,2014-01-01,8,0,0,6,2,0,0
Indonesia,2015-01-01,11,1,0,6,3,0,1
Indonesia,2016-01-01,12,0,0,10,2,0,0
Indonesia,2017-01-01,10,0,0,7,2,1,0
Indonesia,2018-01-01,8,0,0,6,2,0,0
Indonesia,2019-01-01,14,0,0,11,2,0,1
Indonesia,2020-01-01,26,0,0,25,1,0,0
Indonesia,2021-01-01,21,0,0,18,2,1,0
Indonesia,2022-01-01,13,0,0,13,0,0,0
"Iran, Islamic Rep. of",2002-01-01,4,0,0,3,0,0,1
"Iran, Islamic Rep. of",2003-01-01,2,0,0,1,1,0,0
"Iran, Islamic Rep. of",2004-01-01,3,0,0,2,0,1,0
"Iran, Islamic Rep. of",2005-01-01,5,0,0,4,0,1,0
"Iran, Islamic Rep. of",2006-01-01,1,0,0,1,0,0,0
"Iran, Islamic Rep. of",2007-01-01,2,0,0,1,0,1,0
"Iran, Islamic Rep. of",2008-01-01,3,0,0,2,0,1,0
"Iran, Islamic Rep. of",2009-01-01,0,0,0,0,0,0,0
"Iran, Islamic Rep. of",2010-01-01,0,0,0,0,0,0,0
"Iran, Islamic Rep. of",2011-01-01,0,0,0,0,0,0,0
"Iran, Islamic Rep. of",2012-01-01,1,0,0,1,0,0,0
"Iran, Islamic Rep. of",2013-01-01,0,0,0,0,0,0,0
"Iran, Islamic Rep. of",2014-01-01,1,0,0,1,0,0,0
"Iran, Islamic Rep. of",2015-01-01,5,0,0,5,0,0,0
"Iran, Islamic Rep. of",2016-01-01,1,0,0,0,0,1,0
"Iran, Islamic Rep. of",2017-01-01,2,0,0,2,0,0,0
"Iran, Islamic Rep. of",2018-01-01,1,0,0,1,0,0,0
"Iran, Islamic Rep. of",2019-01-01,3,0,0,3,0,0,0
"Iran, Islamic Rep. of",2020-01-01,7,0,0,6,1,0,0
"Iran, Islamic Rep. of",2021-01-01,4,1,0,1,0,2,0
"Iran, Islamic Rep. of",2022-01-01,3,0,0,3,0,0,0
"Kazakhstan, Rep. of",2002-01-01,0,0,0,0,0,0,0
"Kazakhstan, Rep. of",2003-01-01,0,0,0,0,0,0,0
"Kazakhstan, Rep. of",2004-01-01,1,0,0,0,1,0,0
"Kazakhstan, Rep. of",2005-01-01,1,0,0,1,0,0,0
"Kazakhstan, Rep. of",2006-01-01,0,0,0,0,0,0,0
"Kazakhstan, Rep. of",2007-01-01,0,0,0,0,0,0,0
"Kazakhstan, Rep. of",2008-01-01,1,0,0,1,0,0,0
"Kazakhstan, Rep. of",2009-01-01,0,0,0,0,0,0,0
"Kazakhstan, Rep. of",2010-01-01,2,0,0,2,0,0,0
"Kazakhstan, Rep. of",2011-01-01,1,0,0,1,0,0,0
"Kazakhstan, Rep. of",2012-01-01,2,0,1,1,0,0,0
"Kazakhstan, Rep. of",2013-01-01,0,0,0,0,0,0,0
"Kazakhstan, Rep. of",2014-01-01,1,0,0,1,0,0,0
"Kazakhstan, Rep. of",2015-01-01,1,0,0,1,0,0,0
"Kazakhstan, Rep. of",2016-01-01,0,0,0,0,0,0,0
"Kazakhstan, Rep. of",2017-01-01,1,0,0,1,0,0,0
"Kazakhstan, Rep. of",2018-01-01,1,0,0,1,0,0,0
"Kazakhstan, Rep. of",2019-01-01,0,0,0,0,0,0,0
"Kazakhstan, Rep. of",2020-01-01,1,0,0,1,0,0,0
"Kazakhstan, Rep. of",2021-01-01,1,1,0,0,0,0,0
"Kazakhstan, Rep. of",2022-01-01,0,0,0,0,0,0,0
Kenya,2002-01-01,5,0,0,4,1,0,0
Kenya,2003-01-01,2,0,0,2,0,0,0
Kenya,2004-01-01,3,1,0,2,0,0,0
Kenya,2005-01-01,4,1,0,3,0,0,0
Kenya,2006-01-01,4,0,0,4,0,0,0
Kenya,2007-01-01,4,0,0,3,1,0,0
Kenya,2008-01-01,8,1,0,6,1,0,0
Kenya,2009-01-01,2,0,0,2,0,0,0
Kenya,2010-01-01,4,1,0,2,1,0,0
Kenya,2011-01-01,4,1,0,3,0,0,0
Kenya,2012-01-01,1,0,0,1,0,0,0
Kenya,2013-01-01,4,0,0,4,0,0,0
Kenya,2014-01-01,1,1,0,0,0,0,0
Kenya,2015-01-01,3,0,0,3,0,0,0
Kenya,2016-01-01,3,1,0,2,0,0,0
Kenya,2017-01-01,1,0,0,1,0,0,0
Kenya,2018-01-01,3,0,0,3,0,0,0
Kenya,2019-01-01,3,1,0,1,1,0,0
Kenya,2020-01-01,2,1,0,1,0,0,0
Kenya,2021-01-01,1,0,0,1,0,0,0
Kenya,2022-01-01,0,0,0,0,0,0,0
Libya,2002-01-01,0,0,0,0,0,0,0
Libya,2003-01-01,0,0,0,0,0,0,0
Libya,2004-01-01,0,0,0,0,0,0,0
Libya,2005-01-01,0,0,0,0,0,0,0
Libya,2006-01-01,0,0,0,0,0,0,0
Libya,2007-01-01,0,0,0,0,0,0,0
Libya,2008-01-01,0,0,0,0,0,0,0
Libya,2009-01-01,0,0,0,0,0,0,0
Libya,2010-01-01,0,0,0,0,0,0,0
Libya,2011-01-01,0,0,0,0,0,0,0
Libya,2012-01-01,0,0,0,0,0,0,0
Libya,2013-01-01,1,0,0,1,0,0,0
Libya,2014-01-01,0,0,0,0,0,0,0
Libya,2015-01-01,0,0,0,0,0,0,0
Libya,2016-01-01,0,0,0,0,0,0,0
Libya,2017-01-01,0,0,0,0,0,0,0
Libya,2018-01-01,0,0,0,0,0,0,0
Libya,2019-01-01,1,0,0,1,0,0,0
Libya,2020-01-01,0,0,0,0,0,0,0
Libya,2021-01-01,0,0,0,0,0,0,0
Libya,2022-01-01,0,0,0,0,0,0,0
"Madagascar, Rep. of",2002-01-01,4,1,0,0,0,3,0
"Madagascar, Rep. of",2003-01-01,4,0,0,1,0,3,0
"Madagascar, Rep. of",2004-01-01,2,0,0,0,0,2,0
"Madagascar, Rep. of",2005-01-01,4,1,0,2,0,1,0
"Madagascar, Rep. of",2006-01-01,2,0,0,0,0,2,0
"Madagascar, Rep. of",2007-01-01,4,0,0,1,0,3,0
"Madagascar, Rep. of",2008-01-01,4,1,0,0,0,3,0
"Madagascar, Rep. of",2009-01-01,3,0,0,0,0,3,0
"Madagascar, Rep. of",2010-01-01,1,0,0,0,0,1,0
"Madagascar, Rep. of",2011-01-01,1,0,0,0,0,1,0
"Madagascar, Rep. of",2012-01-01,3,0,0,0,0,3,0
"Madagascar, Rep. of",2013-01-01,2,0,0,0,0,2,0
"Madagascar, Rep. of",2014-01-01,2,1,0,0,0,1,0
"Madagascar, Rep. of",2015-01-01,3,0,0,1,0,2,0
"Madagascar, Rep. of",2016-01-01,1,1,0,0,0,0,0
"Madagascar, Rep. of",2017-01-01,2,1,0,0,0,1,0
"Madagascar, Rep. of",2018-01-01,2,0,0,0,0,2,0
"Madagascar, Rep. of",2019-01-01,3,0,0,1,0,2,0
"Madagascar, Rep. of",2020-01-01,3,1,0,1,0,1,0
"Madagascar, Rep. of",2021-01-01,2,0,0,1,0,1,0
"Madagascar, Rep. of",2022-01-01,7,0,0,1,0,6,0
Mali,2002-01-01,1,0,0,1,0,0,0
Mali,2003-01-01,1,0,0,1,0,0,0
Mali,2004-01-01,0,0,0,0,0,0,0
Mali,2005-01-01,3,1,0,2,0,0,0
Mali,2006-01-01,2,1,0,1,0,0,0
Mali,2007-01-01,2,0,0,2,0,0,0
Mali,2008-01-01,1,0,0,1,0,0,0
Mali,2009-01-01,1,0,0,1,0,0,0
Mali,2010-01-01,3,1,0,2,0,0,0
Mali,2011-01-01,2,1,0,1,0,0,0
Mali,2012-01-01,0,0,0,0,0,0,0
Mali,2013-01-01,2,0,0,2,0,0,0
Mali,2014-01-01,0,0,0,0,0,0,0
Mali,2015-01-01,1,0,0,1,0,0,0
Mali,2016-01-01,1,0,0,1,0,0,0
Mali,2017-01-01,0,0,0,0,0,0,0
Mali,2018-01-01,1,0,0,1,0,0,0
Mali,2019-01-01,2,0,0,2,0,0,0
Mali,2020-01-01,1,1,0,0,0,0,0
Mali,2021-01-01,0,0,0,0,0,0,0
Mali,2022-01-01,2,1,0,1,0,0,0
"Mauritania, Islamic Rep. of",2002-01-01,1,0,0,1,0,0,0
"Mauritania, Islamic Rep. of",2003-01-01,1,0,0,1,0,0,0
"Mauritania, Islamic Rep. of",2004-01-01,0,0,0,0,0,0,0
"Mauritania, Islamic Rep. of",2005-01-01,1,0,0,1,0,0,0
"Mauritania, Islamic Rep. of",2006-01-01,2,0,0,2,0,0,0
"Mauritania, Islamic Rep. of",2007-01-01,2,0,0,2,0,0,0
"Mauritania, Islamic Rep. of",2008-01-01,0,0,0,0,0,0,0
"Mauritania, Islamic Rep. of",2009-01-01,1,0,0,1,0,0,0
"Mauritania, Islamic Rep. of",2010-01-01,2,1,0,1,0,0,0
"Mauritania, Islamic Rep. of",2011-01-01,1,1,0,0,0,0,0
"Mauritania, Islamic Rep. of",2012-01-01,0,0,0,0,0,0,0
"Mauritania, Islamic Rep. of",2013-01-01,1,0,0,1,0,0,0
"Mauritania, Islamic Rep. of",2014-01-01,0,0,0,0,0,0,0
"Mauritania, Islamic Rep. of",2015-01-01,0,0,0,0,0,0,0
"Mauritania, Islamic Rep. of",2016-01-01,0,0,0,0,0,0,0
"Mauritania, Islamic Rep. of",2017-01-01,2,1,0,0,0,1,0
"Mauritania, Islamic Rep. of",2018-01-01,1,1,0,0,0,0,0
"Mauritania, Islamic Rep. of",2019-01-01,1,0,0,1,0,0,0
"Mauritania, Islamic Rep. of",2020-01-01,3,1,0,2,0,0,0
"Mauritania, Islamic Rep. of",2021-01-01,0,0,0,0,0,0,0
"Mauritania, Islamic Rep. of",2022-01-01,1,0,0,1,0,0,0
Mexico,2002-01-01,7,1,1,2,0,3,0
Mexico,2003-01-01,8,0,1,3,1,2,1
Mexico,2004-01-01,3,0,1,2,0,0,0
Mexico,2005-01-01,7,0,0,3,0,4,0
Mexico,2006-01-01,7,0,1,1,2,3,0
Mexico,2007-01-01,7,0,0,2,1,4,0
Mexico,2008-01-01,3,0,0,1,1,1,0
Mexico,2009-01-01,7,0,0,5,0,2,0
Mexico,2010-01-01,8,0,0,2,2,4,0
Mexico,2011-01-01,11,1,1,3,0,5,1
Mexico,2012-01-01,2,0,0,0,0,2,0
Mexico,2013-01-01,5,0,0,1,0,4,0
Mexico,2014-01-01,6,0,0,0,0,6,0
Mexico,2015-01-01,4,0,0,1,0,3,0
Mexico,2016-01-01,7,0,0,5,0,2,0
Mexico,2017-01-01,5,0,0,1,0,4,0
Mexico,2018-01-01,3,0,0,1,0,2,0
Mexico,2019-01-01,6,0,0,3,0,3,0
Mexico,2020-01-01,7,0,0,2,0,5,0
Mexico,2021-01-01,10,0,0,3,0,7,0
Mexico,2022-01-01,5,0,0,2,0,3,0
Mongolia,2002-01-01,2,0,0,0,0,2,0
Mongolia,2003-01-01,1,0,0,1,0,0,0
Mongolia,2004-01-01,0,0,0,0,0,0,0
Mongolia,2005-01-01,0,0,0,0,0,0,0
Mongolia,2006-01-01,0,0,0,0,0,0,0
Mongolia,2007-01-01,0,0,0,0,0,0,0
Mongolia,2008-01-01,1,0,0,0,0,1,0
Mongolia,2009-01-01,2,0,1,1,0,0,0
Mongolia,2010-01-01,0,0,0,0,0,0,0
Mongolia,2011-01-01,0,0,0,0,0,0,0
Mongolia,2012-01-01,0,0,0,0,0,0,0
Mongolia,2013-01-01,0,0,0,0,0,0,0
Mongolia,2014-01-01,0,0,0,0,0,0,0
Mongolia,2015-01-01,1,0,1,0,0,0,0
Mongolia,2016-01-01,1,0,1,0,0,0,0
Mongolia,2017-01-01,1,0,0,0,1,0,0
Mongolia,2018-01-01,3,0,1,1,0,1,0
Mongolia,2019-01-01,3,0,1,1,0,1,0
Mongolia,2020-01-01,4,0,0,3,0,1,0
Mongolia,2021-01-01,2,0,0,1,0,1,0
Mongolia,2022-01-01,2,0,1,1,0,0,0
"Mozambique, Rep. of",2002-01-01,2,0,0,1,0,1,0
"Mozambique, Rep. of",2003-01-01,5,1,0,3,0,1,0
"Mozambique, Rep. of",2004-01-01,0,0,0,0,0,0,0
"Mozambique, Rep. of",2005-01-01,3,1,0,2,0,0,0
"Mozambique, Rep. of",2006-01-01,0,0,0,0,0,0,0
"Mozambique, Rep. of",2007-01-01,6,1,0,4,0,1,0
"Mozambique, Rep. of",2008-01-01,4,1,0,1,0,1,1
"Mozambique, Rep. of",2009-01-01,2,0,0,1,0,1,0
"Mozambique, Rep. of",2010-01-01,2,1,0,1,0,0,0
"Mozambique, Rep. of",2011-01-01,3,0,0,2,0,1,0
"Mozambique, Rep. of",2012-01-01,3,0,0,0,0,3,0
"Mozambique, Rep. of",2013-01-01,1,0,0,1,0,0,0
"Mozambique, Rep. of",2014-01-01,2,0,0,2,0,0,0
"Mozambique, Rep. of",2015-01-01,1,0,0,1,0,0,0
"Mozambique, Rep. of",2016-01-01,4,1,0,2,0,1,0
"Mozambique, Rep. of",2017-01-01,1,0,0,0,0,1,0
"Mozambique, Rep. of",2018-01-01,2,0,0,1,1,0,0
"Mozambique, Rep. of",2019-01-01,5,0,0,3,0,2,0
"Mozambique, Rep. of",2020-01-01,3,1,0,2,0,0,0
"Mozambique, Rep. of",2021-01-01,3,1,0,1,0,1,0
"Mozambique, Rep. of",2022-01-01,4,0,0,1,0,3,0
Myanmar,2002-01-01,1,0,0,1,0,0,0
Myanmar,2003-01-01,0,0,0,0,0,0,0
Myanmar,2004-01-01,1,0,0,0,0,1,0
Myanmar,2005-01-01,1,0,0,0,1,0,0
Myanmar,2006-01-01,2,0,0,1,0,1,0
Myanmar,2007-01-01,4,0,0,4,0,0,0
Myanmar,2008-01-01,1,0,0,0,0,1,0
Myanmar,2009-01-01,1,0,0,0,1,0,0
Myanmar,2010-01-01,2,0,0,0,1,1,0
Myanmar,2011-01-01,1,0,0,1,0,0,0
Myanmar,2012-01-01,1,0,0,1,0,0,0
Myanmar,2013-01-01,2,0,0,1,1,0,0
Myanmar,2014-01-01,2,0,0,2,0,0,0
Myanmar,2015-01-01,6,0,0,3,2,1,0
Myanmar,2016-01-01,5,0,0,2,1,2,0
Myanmar,2017-01-01,2,0,0,1,0,1,0
Myanmar,2018-01-01,4,0,0,3,1,0,0
Myanmar,2019-01-01,3,0,0,2,1,0,0
Myanmar,2020-01-01,2,0,0,1,1,0,0
Myanmar,2021-01-01,1,0,0,1,0,0,0
Myanmar,2022-01-01,0,0,0,0,0,0,0
Namibia,2002-01-01,1,1,0,0,0,0,0
Namibia,2003-01-01,1,0,0,1,0,0,0
Namibia,2004-01-01,2,0,0,2,0,0,0
Namibia,2005-01-01,0,0,0,0,0,0,0
Namibia,2006-01-01,2,0,0,2,0,0,0
Namibia,2007-01-01,1,0,0,1,0,0,0
Namibia,2008-01-01,1,0,0,1,0,0,0
Namibia,2009-01-01,1,0,0,1,0,0,0
Namibia,2010-01-01,1,0,0,1,0,0,0
Namibia,2011-01-01,1,0,0,1,0,0,0
Namibia,2012-01-01,1,0,0,1,0,0,0
Namibia,2013-01-01,2,1,0,1,0,0,0
Namibia,2014-01-01,0,0,0,0,0,0,0
Namibia,2015-01-01,1,1,0,0,0,0,0
Namibia,2016-01-01,0,0,0,0,0,0,0
Namibia,2017-01-01,1,0,0,1,0,0,0
Namibia,2018-01-01,1,1,0,0,0,0,0
Namibia,2019-01-01,0,0,0,0,0,0,0
Namibia,2020-01-01,1,0,0,1,0,0,0
Namibia,2021-01-01,1,0,0,1,0,0,0
Namibia,2022-01-01,0,0,0,0,0,0,0
Niger,2002-01-01,1,0,0,0,0,1,0
Niger,2003-01-01,1,0,0,1,0,0,0
Niger,2004-01-01,0,0,0,0,0,0,0
Niger,2005-01-01,1,1,0,0,0,0,0
Niger,2006-01-01,1,0,0,1,0,0,0
Niger,2007-01-01,1,0,0,1,0,0,0
Niger,2008-01-01,1,0,0,1,0,0,0
Niger,2009-01-01,2,1,0,1,0,0,0
Niger,2010-01-01,2,0,0,2,0,0,0
Niger,2011-01-01,3,1,0,2,0,0,0
Niger,2012-01-01,1,0,0,1,0,0,0
Niger,2013-01-01,2,0,0,2,0,0,0
Niger,2014-01-01,1,0,0,1,0,0,0
Niger,2015-01-01,2,1,0,1,0,0,0
Niger,2016-01-01,2,0,0,2,0,0,0
Niger,2017-01-01,3,1,0,2,0,0,0
Niger,2018-01-01,1,0,0,1,0,0,0
Niger,2019-01-01,2,0,0,2,0,0,0
Niger,2020-01-01,3,1,0,2,0,0,0
Niger,2021-01-01,1,0,0,1,0,0,0
Niger,2022-01-01,2,1,0,1,0,0,0
Nigeria,2002-01-01,2,0,1,1,0,0,0
Nigeria,2003-01-01,1,0,0,1,0,0,0
Nigeria,2004-01-01,5,0,0,5,0,0,0
Nigeria,2005-01-01,2,0,0,2,0,0,0
Nigeria,2006-01-01,3,0,0,3,0,0,0
Nigeria,2007-01-01,3,0,0,3,0,0,0
Nigeria,2008-01-01,0,0,0,0,0,0,0
Nigeria,2009-01-01,2,0,0,2,0,0,0
Nigeria,2010-01-01,1,0,0,1,0,0,0
Nigeria,2011-01-01,5,0,0,4,0,1,0
Nigeria,2012-01-01,2,0,0,1,0,1,0
Nigeria,2013-01-01,1,0,0,1,0,0,0
Nigeria,2014-01-01,1,0,0,1,0,0,0
Nigeria,2015-01-01,1,0,0,1,0,0,0
Nigeria,2016-01-01,2,0,0,1,0,1,0
Nigeria,2017-01-01,2,0,0,2,0,0,0
Nigeria,2018-01-01,2,0,0,2,0,0,0
Nigeria,2019-01-01,2,0,0,2,0,0,0
Nigeria,2020-01-01,3,0,0,3,0,0,0
Nigeria,2021-01-01,2,0,0,2,0,0,0
Nigeria,2022-01-01,3,1,0,1,0,1,0
Pakistan,2002-01-01,6,0,2,3,0,1,0
Pakistan,2003-01-01,6,0,1,3,1,1,0
Pakistan,2004-01-01,2,0,0,2,0,0,0
Pakistan,2005-01-01,8,0,1,5,1,1,0
Pakistan,2006-01-01,9,0,1,7,1,0,0
Pakistan,2007-01-01,10,0,0,6,3,1,0
Pakistan,2008-01-01,3,0,0,3,0,0,0
Pakistan,2009-01-01,3,0,0,3,0,0,0
Pakistan,2010-01-01,7,0,0,4,2,1,0
Pakistan,2011-01-01,1,0,0,1,0,0,0
Pakistan,2012-01-01,5,0,0,3,2,0,0
Pakistan,2013-01-01,2,0,0,2,0,0,0
Pakistan,2014-01-01,3,0,1,1,0,1,0
Pakistan,2015-01-01,7,0,1,6,0,0,0
Pakistan,2016-01-01,8,0,0,7,0,1,0
Pakistan,2017-01-01,5,0,0,2,1,2,0
Pakistan,2018-01-01,2,0,1,1,0,0,0
Pakistan,2019-01-01,10,1,0,8,0,1,0
Pakistan,2020-01-01,6,0,0,4,1,1,0
Pakistan,2021-01-01,6,0,0,4,0,2,0
Pakistan,2022-01-01,4,0,1,1,0,1,1
Peru,2002-01-01,5,1,0,3,0,1,0
Peru,2003-01-01,3,0,1,2,0,0,0
Peru,2004-01-01,4,1,1,1,1,0,0
Peru,2005-01-01,0,0,0,0,0,0,0
Peru,2006-01-01,2,1,0,1,0,0,0
Peru,2007-01-01,2,0,1,1,0,0,0
Peru,2008-01-01,1,0,0,1,0,0,0
Peru,2009-01-01,6,0,1,1,4,0,0
Peru,2010-01-01,3,0,1,1,1,0,0
Peru,2011-01-01,5,0,1,3,0,1,0
Peru,2012-01-01,3,0,1,1,1,0,0
Peru,2013-01-01,3,0,1,2,0,0,0
Peru,2014-01-01,4,0,1,3,0,0,0
Peru,2015-01-01,3,0,1,2,0,0,0
Peru,2016-01-01,1,0,0,1,0,0,0
Peru,2017-01-01,3,0,0,3,0,0,0
Peru,2018-01-01,0,0,0,0,0,0,0
Peru,2019-01-01,5,0,0,3,1,0,1
Peru,2020-01-01,4,0,0,3,1,0,0
Peru,2021-01-01,8,0,0,8,0,0,0
Peru,2022-01-01,2,0,0,1,1,0,0
Russian Federation,2002-01-01,11,0,1,4,1,2,3
Russian Federation,2003-01-01,4,1,0,1,0,1,1
Russian Federation,2004-01-01,7,0,0,3,0,3,1
Russian Federation,2005-01-01,9,0,1,5,1,2,0
Russian Federation,2006-01-01,3,0,0,3,0,0,0
Russian Federation,2007-01-01,2,0,0,1,0,1,0
Russian Federation,2008-01-01,0,0,0,0,0,0,0
Russian Federation,2009-01-01,0,0,0,0,0,0,0
Russian Federation,2010-01-01,8,1,3,2,0,0,2
Russian Federation,2011-01-01,3,0,0,2,0,1,0
Russian Federation,2012-01-01,8,1,2,4,0,0,1
Russian Federation,2013-01-01,2,0,0,2,0,0,0
Russian Federation,2014-01-01,1,0,0,1,0,0,0
Russian Federation,2015-01-01,2,0,0,1,0,0,1
Russian Federation,2016-01-01,3,0,0,3,0,0,0
Russian Federation,2017-01-01,2,0,0,1,0,1,0
Russian Federation,2018-01-01,2,0,0,2,0,0,0
Russian Federation,2019-01-01,5,0,0,4,0,0,1
Russian Federation,2020-01-01,0,0,0,0,0,0,0
Russian Federation,2021-01-01,5,0,0,3,1,0,1
Russian Federation,2022-01-01,3,0,0,1,0,1,1
Saudi Arabia,2002-01-01,1,0,0,1,0,0,0
Saudi Arabia,2003-01-01,2,0,0,2,0,0,0
Saudi Arabia,2004-01-01,1,0,0,1,0,0,0
Saudi Arabia,2005-01-01,2,0,0,2,0,0,0
Saudi Arabia,2006-01-01,0,0,0,0,0,0,0
Saudi Arabia,2007-01-01,0,0,0,0,0,0,0
Saudi Arabia,2008-01-01,0,0,0,0,0,0,0
Saudi Arabia,2009-01-01,1,0,0,1,0,0,0
Saudi Arabia,2010-01-01,2,0,0,2,0,0,0
Saudi Arabia,2011-01-01,1,0,0,1,0,0,0
Saudi Arabia,2012-01-01,1,0,0,1,0,0,0
Saudi Arabia,2013-01-01,2,0,0,2,0,0,0
Saudi Arabia,2014-01-01,0,0,0,0,0,0,0
Saudi Arabia,2015-01-01,2,0,0,2,0,0,0
Saudi Arabia,2016-01-01,3,0,0,2,0,1,0
Saudi Arabia,2017-01-01,1,0,0,1,0,0,0
Saudi Arabia,2018-01-01,0,0,0,0,0,0,0
Saudi Arabia,2019-01-01,3,0,0,3,0,0,0
Saudi Arabia,2020-01-01,1,0,0,1,0,0,0
Saudi Arabia,2021-01-01,0,0,0,0,0,0,0
Saudi Arabia,2022-01-01,0,0,0,0,0,0,0
Somalia,2002-01-01,1,0,0,1,0,0,0
Somalia,2003-01-01,2,0,0,2,0,0,0
Somalia,2004-01-01,2,1,0,1,0,0,0
Somalia,2005-01-01,3,1,0,2,0,0,0
Somalia,2006-01-01,5,0,0,5,0,0,0
Somalia,2007-01-01,2,0,0,2,0,0,0
Somalia,2008-01-01,2,1,0,1,0,0,0
Somalia,2009-01-01,1,0,0,1,0,0,0
Somalia,2010-01-01,3,1,0,2,0,0,0
Somalia,2011-01-01,2,1,0,1,0,0,0
Somalia,2012-01-01,2,0,0,2,0,0,0
Somalia,2013-01-01,3,0,0,2,0,1,0
Somalia,2014-01-01,2,1,0,1,0,0,0
Somalia,2015-01-01,5,1,0,2,0,2,0
Somalia,2016-01-01,1,0,0,1,0,0,0
Somalia,2017-01-01,0,0,0,0,0,0,0
Somalia,2018-01-01,2,0,0,1,0,1,0
Somalia,2019-01-01,3,1,0,1,0,1,0
Somalia,2020-01-01,4,1,0,2,0,1,0
Somalia,2021-01-01,1,0,0,1,0,0,0
Somalia,2022-01-01,1,0,0,1,0,0,0
South Africa,2002-01-01,6,0,0,1,0,4,1
South Africa,2003-01-01,2,0,0,1,0,1,0
South Africa,2004-01-01,2,1,0,1,0,0,0
South Africa,2005-01-01,0,0,0,0,0,0,0
South Africa,2006-01-01,2,0,0,2,0,0,0
South Africa,2007-01-01,3,0,1,1,0,0,1
South Africa,2008-01-01,3,0,0,1,0,1,1
South Africa,2009-01-01,4,0,0,2,0,2,0
South Africa,2010-01-01,1,0,0,0,0,1,0
South Africa,2011-01-01,3,0,0,1,0,2,0
South Africa,2012-01-01,2,0,0,1,0,1,0
South Africa,2013-01-01,1,0,0,0,0,1,0
South Africa,2014-01-01,1,0,0,1,0,0,0
South Africa,2015-01-01,1,1,0,0,0,0,0
South Africa,2016-01-01,3,0,1,2,0,0,0
South Africa,2017-01-01,5,1,0,1,0,2,1
South Africa,2018-01-01,0,0,0,0,0,0,0
South Africa,2019-01-01,6,1,0,4,0,1,0
South Africa,2020-01-01,2,0,0,1,0,1,0
South Africa,2021-01-01,4,1,0,1,0,2,0
South Africa,2022-01-01,8,0,0,8,0,0,0
"South Sudan, Rep. of",2002-01-01,0,0,0,0,0,0,0
"South Sudan, Rep. of",2003-01-01,0,0,0,0,0,0,0
"South Sudan, Rep. of",2004-01-01,0,0,0,0,0,0,0
"South Sudan, Rep. of",2005-01-01,0,0,0,0,0,0,0
"South Sudan, Rep. of",2006-01-01,0,0,0,0,0,0,0
"South Sudan, Rep. of",2007-01-01,0,0,0,0,0,0,0
"South Sudan, Rep. of",2008-01-01,3,0,0,3,0,0,0
"South Sudan, Rep. of",2009-01-01,1,1,0,0,0,0,0
"South Sudan, Rep. of",2010-01-01,2,0,0,2,0,0,0
"South Sudan, Rep. of",2011-01-01,0,0,0,0,0,0,0
"South Sudan, Rep. of",2012-01-01,2,0,0,2,0,0,0
"South Sudan, Rep. of",2013-01-01,2,0,0,2,0,0,0
"South Sudan, Rep. of",2014-01-01,0,0,0,0,0,0,0
"South Sudan, Rep. of",2015-01-01,0,0,0,0,0,0,0
"South Sudan, Rep. of",2016-01-01,2,1,0,1,0,0,0
"South Sudan, Rep. of",2017-01-01,0,0,0,0,0,0,0
"South Sudan, Rep. of",2018-01-01,0,0,0,0,0,0,0
"South Sudan, Rep. of",2019-01-01,3,0,0,2,0,0,1
"South Sudan, Rep. of",2020-01-01,1,0,0,1,0,0,0
"South Sudan, Rep. of",2021-01-01,2,1,0,1,0,0,0
"South Sudan, Rep. of",2022-01-01,1,0,0,1,0,0,0
Sudan,2002-01-01,2,0,0,1,0,1,0
Sudan,2003-01-01,1,0,0,1,0,0,0
Sudan,2004-01-01,0,0,0,0,0,0,0
Sudan,2005-01-01,2,0,0,2,0,0,0
Sudan,2006-01-01,3,0,0,3,0,0,0
Sudan,2007-01-01,1,0,0,1,0,0,0
Sudan,2008-01-01,0,0,0,0,0,0,0
Sudan,2009-01-01,1,0,0,1,0,0,0
Sudan,2010-01-01,2,0,0,2,0,0,0
Sudan,2011-01-01,2,1,0,0,0,1,0
Sudan,2012-01-01,1,0,0,1,0,0,0
Sudan,2013-01-01,1,0,0,1,0,0,0
Sudan,2014-01-01,1,0,0,1,0,0,0
Sudan,2015-01-01,3,1,1,1,0,0,0
Sudan,2016-01-01,1,0,0,1,0,0,0
Sudan,2017-01-01,1,0,0,1,0,0,0
Sudan,2018-01-01,3,0,0,3,0,0,0
Sudan,2019-01-01,2,0,0,2,0,0,0
Sudan,2020-01-01,1,0,0,1,0,0,0
Sudan,2021-01-01,2,0,0,1,0,1,0
Sudan,2022-01-01,2,1,0,1,0,0,0
"Tanzania, United Rep. of",2002-01-01,1,0,0,1,0,0,0
"Tanzania, United Rep. of",2003-01-01,2,1,0,1,0,0,0
"Tanzania, United Rep. of",2004-01-01,1,1,0,0,0,0,0
"Tanzania, United Rep. of",2005-01-01,1,0,0,1,0,0,0
"Tanzania, United Rep. of",2006-01-01,3,1,0,2,0,0,0
"Tanzania, United Rep. of",2007-01-01,0,0,0,0,0,0,0
"Tanzania, United Rep. of",2008-01-01,4,0,0,2,0,2,0
"Tanzania, United Rep. of",2009-01-01,3,0,0,2,0,1,0
"Tanzania, United Rep. of",2010-01-01,0,0,0,0,0,0,0
"Tanzania, United Rep. of",2011-01-01,4,1,0,3,0,0,0
"Tanzania, United Rep. of",2012-01-01,1,0,0,1,0,0,0
"Tanzania, United Rep. of",2013-01-01,0,0,0,0,0,0,0
"Tanzania, United Rep. of",2014-01-01,2,0,0,2,0,0,0
"Tanzania, United Rep. of",2015-01-01,2,0,0,1,0,1,0
"Tanzania, United Rep. of",2016-01-01,3,0,0,3,0,0,0
"Tanzania, United Rep. of",2017-01-01,1,0,0,1,0,0,0
"Tanzania, United Rep. of",2018-01-01,1,0,0,1,0,0,0
"Tanzania, United Rep. of",2019-01-01,5,0,0,4,0,1,0
"Tanzania, United Rep. of",2020-01-01,4,0,0,4,0,0,0
"Tanzania, United Rep. of",2021-01-01,3,1,0,1,0,1,0
"Tanzania, United Rep. of",2022-01-01,1,0,0,1,0,0,0
Thailand,2002-01-01,6,1,0,2,1,2,0
Thailand,2003-01-01,4,0,0,3,0,1,0
Thailand,2004-01-01,6,0,0,3,1,2,0
Thailand,2005-01-01,6,1,0,2,0,2,1
Thailand,2006-01-01,3,0,0,3,0,0,0
Thailand,2007-01-01,5,0,0,5,0,0,0
Thailand,2008-01-01,6,1,0,3,0,2,0
Thailand,2009-01-01,1,0,0,1,0,0,0
Thailand,2010-01-01,2,1,0,1,0,0,0
Thailand,2011-01-01,4,1,0,2,0,1,0
Thailand,2012-01-01,2,1,0,1,0,0,0
Thailand,2013-01-01,3,0,0,3,0,0,0
Thailand,2014-01-01,7,1,1,4,0,1,0
Thailand,2015-01-01,2,1,0,0,0,1,0
Thailand,2016-01-01,4,0,1,3,0,0,0
Thailand,2017-01-01,6,0,0,4,0,2,0
Thailand,2018-01-01,0,0,0,0,0,0,0
Thailand,2019-01-01,3,1,0,1,0,1,0
Thailand,2020-01-01,7,0,0,3,0,4,0
Thailand,2021-01-01,6,0,0,5,0,1,0
Thailand,2022-01-01,11,0,0,9,0,2,0
"Türkiye, Rep. of",2002-01-01,2,0,0,1,0,1,0
"Türkiye, Rep. of",2003-01-01,1,0,0,1,0,0,0
"Türkiye, Rep. of",2004-01-01,7,0,1,3,0,3,0
"Türkiye, Rep. of",2005-01-01,5,0,1,2,1,1,0
"Türkiye, Rep. of",2006-01-01,2,0,0,2,0,0,0
"Türkiye, Rep. of",2007-01-01,4,0,1,3,0,0,0
"Türkiye, Rep. of",2008-01-01,1,0,0,0,0,0,1
"Türkiye, Rep. of",2009-01-01,4,0,0,2,2,0,0
"Türkiye, Rep. of",2010-01-01,1,0,0,0,1,0,0
"Türkiye, Rep. of",2011-01-01,1,0,0,1,0,0,0
"Türkiye, Rep. of",2012-01-01,1,0,0,1,0,0,0
"Türkiye, Rep. of",2013-01-01,1,0,0,0,1,0,0
"Türkiye, Rep. of",2014-01-01,0,0,0,0,0,0,0
"Türkiye, Rep. of",2015-01-01,2,0,0,2,0,0,0
"Türkiye, Rep. of",2016-01-01,0,0,0,0,0,0,0
"Türkiye, Rep. of",2017-01-01,1,0,0,0,0,1,0
"Türkiye, Rep. of",2018-01-01,1,0,0,0,1,0,0
"Türkiye, Rep. of",2019-01-01,3,0,0,3,0,0,0
"Türkiye, Rep. of",2020-01-01,5,0,0,3,1,1,0
"Türkiye, Rep. of",2021-01-01,3,0,0,2,0,0,1
"Türkiye, Rep. of",2022-01-01,3,0,0,3,0,0,0
Ukraine,2002-01-01,0,0,0,0,0,0,0
Ukraine,2003-01-01,1,0,0,1,0,0,0
Ukraine,2004-01-01,0,0,0,0,0,0,0
Ukraine,2005-01-01,2,0,1,1,0,0,0
Ukraine,2006-01-01,2,0,0,2,0,0,0
Ukraine,2007-01-01,2,0,0,0,0,2,0
Ukraine,2008-01-01,2,0,1,1,0,0,0
Ukraine,2009-01-01,1,0,1,0,0,0,0
Ukraine,2010-01-01,1,0,0,1,0,0,0
Ukraine,2011-01-01,0,0,0,0,0,0,0
Ukraine,2012-01-01,3,1,2,0,0,0,0
Ukraine,2013-01-01,1,0,0,1,0,0,0
Ukraine,2014-01-01,0,0,0,0,0,0,0
Ukraine,2015-01-01,0,0,0,0,0,0,0
Ukraine,2016-01-01,2,0,1,1,0,0,0
Ukraine,2017-01-01,1,0,1,0,0,0,0
Ukraine,2018-01-01,1,0,0,0,0,1,0
Ukraine,2019-01-01,0,0,0,0,0,0,0
Ukraine,2020-01-01,3,0,0,1,0,0,2
Ukraine,2021-01-01,1,0,0,0,0,1,0
Ukraine,2022-01-01,0,0,0,0,0,0,0
United States,2002-01-01,29,1,1,4,0,15,8
United States,2003-01-01,22,0,0,4,1,14,3
United States,2004-01-01,20,0,1,4,0,12,3
United States,2005-01-01,16,0,1,6,0,8,1
United States,2006-01-01,28,0,2,11,0,12,3
United States,2007-01-01,23,1,0,6,0,13,3
United States,2008-01-01,21,0,1,4,0,14,2
United States,2009-01-01,17,0,1,4,0,10,2
United States,2010-01-01,15,0,0,3,0,12,0
United States,2011-01-01,23,1,1,4,0,14,3
United States,2012-01-01,25,2,1,1,0,19,2
United States,2013-01-01,28,0,1,7,0,15,5
United States,2014-01-01,19,1,1,2,1,13,1
United States,2015-01-01,29,1,0,5,0,19,4
United States,2016-01-01,26,0,0,6,0,16,4
United States,2017-01-01,24,1,0,3,0,17,3
United States,2018-01-01,19,1,0,3,1,11,3
United States,2019-01-01,20,0,0,4,0,14,2
United States,2020-01-01,23,1,0,2,0,19,1
United States,2021-01-01,43,1,1,12,0,23,6
United States,2022-01-01,25,1,0,3,0,17,4
"Venezuela, Rep. Bolivariana de",2002-01-01,1,0,0,1,0,0,0
"Venezuela, Rep. Bolivariana de",2003-01-01,2,0,0,2,0,0,0
"Venezuela, Rep. Bolivariana de",2004-01-01,2,0,0,1,0,1,0
"Venezuela, Rep. Bolivariana de",2005-01-01,4,0,0,4,0,0,0
"Venezuela, Rep. Bolivariana de",2006-01-01,1,0,0,1,0,0,0
"Venezuela, Rep. Bolivariana de",2007-01-01,0,0,0,0,0,0,0
"Venezuela, Rep. Bolivariana de",2008-01-01,1,0,0,1,0,0,0
"Venezuela, Rep. Bolivariana de",2009-01-01,1,1,0,0,0,0,0
"Venezuela, Rep. Bolivariana de",2010-01-01,2,0,0,1,0,1,0
"Venezuela, Rep. Bolivariana de",2011-01-01,3,0,0,3,0,0,0
"Venezuela, Rep. Bolivariana de",2012-01-01,1,0,0,1,0,0,0
"Venezuela, Rep. Bolivariana de",2013-01-01,0,0,0,0,0,0,0
"Venezuela, Rep. Bolivariana de",2014-01-01,0,0,0,0,0,0,0
"Venezuela, Rep. Bolivariana de",2015-01-01,1,0,0,1,0,0,0
"Venezuela, Rep. Bolivariana de",2016-01-01,1,0,0,1,0,0,0
"Venezuela, Rep. Bolivariana de",2017-01-01,0,0,0,0,0,0,0
"Venezuela, Rep. Bolivariana de",2018-01-01,2,0,0,2,0,0,0
"Venezuela, Rep. Bolivariana de",2019-01-01,1,0,0,1,0,0,0
"Venezuela, Rep. Bolivariana de",2020-01-01,1,0,0,1,0,0,0
"Venezuela, Rep. Bolivariana de",2021-01-01,2,0,0,2,0,0,0
"Venezuela, Rep. Bolivariana de",2022-01-01,8,0,0,5,2,1,0
"Yemen, Rep. of",2002-01-01,4,0,0,4,0,0,0
"Yemen, Rep. of",2003-01-01,1,0,0,1,0,0,0
"Yemen, Rep. of",2004-01-01,0,0,0,0,0,0,0
"Yemen, Rep. of",2005-01-01,3,0,0,2,1,0,0
"Yemen, Rep. of",2006-01-01,2,0,0,2,0,0,0
"Yemen, Rep. of",2007-01-01,3,0,0,3,0,0,0
"Yemen, Rep. of",2008-01-01,1,0,0,1,0,0,0
"Yemen, Rep. of",2009-01-01,1,0,0,0,1,0,0
"Yemen, Rep. of",2010-01-01,2,0,0,2,0,0,0
"Yemen, Rep. of",2011-01-01,0,0,0,0,0,0,0
"Yemen, Rep. of",2012-01-01,0,0,0,0,0,0,0
"Yemen, Rep. of",2013-01-01,1,0,0,1,0,0,0
"Yemen, Rep. of",2014-01-01,0,0,0,0,0,0,0
"Yemen, Rep. of",2015-01-01,2,0,0,0,0,2,0
"Yemen, Rep. of",2016-01-01,2,0,0,1,1,0,0
"Yemen, Rep. of",2017-01-01,1,0,0,1,0,0,0
"Yemen, Rep. of",2018-01-01,2,0,0,0,0,2,0
"Yemen, Rep. of",2019-01-01,3,0,0,3,0,0,0
"Yemen, Rep. of",2020-01-01,5,0,0,5,0,0,0
"Yemen, Rep. of",2021-01-01,2,0,0,2,0,0,0
"Yemen, Rep. of",2022-01-01,3,0,0,3,0,0,0
Zambia,2002-01-01,0,0,0,0,0,0,0
Zambia,2003-01-01,2,0,0,2,0,0,0
Zambia,2004-01-01,1,0,0,1,0,0,0
Zambia,2005-01-01,2,1,0,1,0,0,0
Zambia,2006-01-01,0,0,0,0,0,0,0
Zambia,2007-01-01,3,0,0,3,0,0,0
Zambia,2008-01-01,1,0,0,1,0,0,0
Zambia,2009-01-01,1,0,0,1,0,0,0
Zambia,2010-01-01,2,0,0,1,1,0,0
Zambia,2011-01-01,1,0,0,1,0,0,0
Zambia,2012-01-01,0,0,0,0,0,0,0
Zambia,2013-01-01,1,0,0,1,0,0,0
Zambia,2014-01-01,1,0,0,1,0,0,0
Zambia,2015-01-01,0,0,0,0,0,0,0
Zambia,2016-01-01,0,0,0,0,0,0,0
Zambia,2017-01-01,0,0,0,0,0,0,0
Zambia,2018-01-01,0,0,0,0,0,0,0
Zambia,2019-01-01,2,1,0,1,0,0,0
Zambia,2020-01-01,3,0,0,3,0,0,0
Zambia,2021-01-01,1,1,0,0,0,0,0
Zambia,2022-01-01,1,0,0,1,0,0,0
